{
  "context_precision": 0.19999999998,
  "context_recall": 0.075,
  "answer_relevancy": 0.24688034797820707,
  "faithfulness": 1.0
}